﻿--
-- Script was generated by Devart dbForge Studio for MySQL, Version 8.0.40.0
-- Product home page: http://www.devart.com/dbforge/mysql/studio
-- Script date 31/08/2021 15:38:57
-- Server version: 5.5.5-10.1.40-MariaDB
-- Client version: 4.1
--

-- 
-- Disable foreign keys
-- 
/*!40014 SET @OLD_FOREIGN_KEY_CHECKS=@@FOREIGN_KEY_CHECKS, FOREIGN_KEY_CHECKS=0 */;

-- 
-- Set SQL mode
-- 
/*!40101 SET @OLD_SQL_MODE=@@SQL_MODE, SQL_MODE='NO_AUTO_VALUE_ON_ZERO' */;

-- 
-- Set character set the client will use to send SQL statements to the server
--
SET NAMES 'utf8';

--
-- Set default database
--
USE pkmn;

--
-- Drop table `pokemon_tipo`
--
DROP TABLE IF EXISTS pokemon_tipo;

--
-- Drop table `pokemon`
--
DROP TABLE IF EXISTS pokemon;

--
-- Drop table `habilidad`
--
DROP TABLE IF EXISTS habilidad;

--
-- Drop table `naturaleza`
--
DROP TABLE IF EXISTS naturaleza;

--
-- Drop view `debilidades2`
--
DROP VIEW IF EXISTS debilidades2 CASCADE;

--
-- Drop view `debilidades`
--
DROP VIEW IF EXISTS debilidades CASCADE;

--
-- Drop table `debilidad`
--
DROP TABLE IF EXISTS debilidad;

--
-- Drop table `tipo`
--
DROP TABLE IF EXISTS tipo;

--
-- Set default database
--
USE pkmn;

--
-- Create table `tipo`
--
CREATE TABLE tipo (
  id_tipo int(11) NOT NULL AUTO_INCREMENT,
  descripcion varchar(25) DEFAULT NULL,
  PRIMARY KEY (id_tipo)
)
ENGINE = INNODB,
AUTO_INCREMENT = 19,
AVG_ROW_LENGTH = 910,
CHARACTER SET latin1,
COLLATE latin1_swedish_ci;

--
-- Create table `debilidad`
--
CREATE TABLE debilidad (
  id_tipo int(11) NOT NULL,
  id_debilidad int(11) NOT NULL,
  PRIMARY KEY (id_tipo, id_debilidad)
)
ENGINE = INNODB,
AVG_ROW_LENGTH = 321,
CHARACTER SET latin1,
COLLATE latin1_swedish_ci;

--
-- Create foreign key
--
ALTER TABLE debilidad
ADD CONSTRAINT fkdebilidad FOREIGN KEY (id_debilidad)
REFERENCES tipo (id_tipo);

--
-- Create view `debilidades`
--
CREATE
DEFINER = 'root'@'localhost'
VIEW debilidades
AS
SELECT
  `debilidad`.`id_debilidad` AS `id_debilidad`,
  `tipo`.`descripcion` AS `descripcion`
FROM (`tipo`
  JOIN `debilidad`)
WHERE (`tipo`.`id_tipo` = `debilidad`.`id_debilidad`);

--
-- Create view `debilidades2`
--
CREATE
DEFINER = 'root'@'localhost'
VIEW debilidades2
AS
SELECT
  `tipo`.`descripcion` AS `origen`,
  GROUP_CONCAT(DISTINCT `debilidades`.`descripcion` SEPARATOR ',') AS `vulnerable`
FROM ((`tipo`
  JOIN `debilidad`)
  JOIN `debilidades`)
WHERE ((`tipo`.`id_tipo` = `debilidad`.`id_tipo`)
AND (`debilidad`.`id_debilidad` = `debilidades`.`id_debilidad`))
GROUP BY `tipo`.`descripcion`;

--
-- Create table `naturaleza`
--
CREATE TABLE naturaleza (
  id_nat int(11) NOT NULL AUTO_INCREMENT,
  descripcion varchar(25) DEFAULT NULL,
  PRIMARY KEY (id_nat)
)
ENGINE = INNODB,
AUTO_INCREMENT = 26,
AVG_ROW_LENGTH = 655,
CHARACTER SET latin1,
COLLATE latin1_swedish_ci;

--
-- Create table `habilidad`
--
CREATE TABLE habilidad (
  id_hab int(11) NOT NULL AUTO_INCREMENT,
  descripcion varchar(25) DEFAULT NULL,
  PRIMARY KEY (id_hab)
)
ENGINE = INNODB,
AUTO_INCREMENT = 48,
AVG_ROW_LENGTH = 348,
CHARACTER SET latin1,
COLLATE latin1_swedish_ci;

--
-- Create table `pokemon`
--
CREATE TABLE pokemon (
  num_pokedex int(11) DEFAULT NULL,
  nombre varchar(25) NOT NULL,
  sexo varchar(10) DEFAULT NULL,
  naturaleza int(11) DEFAULT NULL,
  habilidad int(11) DEFAULT NULL,
  PRIMARY KEY (nombre)
)
ENGINE = INNODB,
AVG_ROW_LENGTH = 108,
CHARACTER SET latin1,
COLLATE latin1_swedish_ci;

--
-- Create foreign key
--
ALTER TABLE pokemon
ADD CONSTRAINT fkhabilidad FOREIGN KEY (habilidad)
REFERENCES habilidad (id_hab);

--
-- Create foreign key
--
ALTER TABLE pokemon
ADD CONSTRAINT fknaturaleza FOREIGN KEY (naturaleza)
REFERENCES naturaleza (id_nat);

--
-- Create table `pokemon_tipo`
--
CREATE TABLE pokemon_tipo (
  nombre varchar(25) NOT NULL,
  id_tipo int(11) NOT NULL,
  PRIMARY KEY (nombre, id_tipo)
)
ENGINE = INNODB,
AVG_ROW_LENGTH = 75,
CHARACTER SET latin1,
COLLATE latin1_swedish_ci;

--
-- Create foreign key
--
ALTER TABLE pokemon_tipo
ADD CONSTRAINT fkpokemon_tipo FOREIGN KEY (nombre)
REFERENCES pokemon (nombre);

--
-- Create foreign key
--
ALTER TABLE pokemon_tipo
ADD CONSTRAINT fkpokemon_tipo2 FOREIGN KEY (id_tipo)
REFERENCES tipo (id_tipo);

-- 
-- Dumping data for table naturaleza
--
INSERT INTO naturaleza VALUES
(1, 'Activa'),
(2, 'Afable'),
(3, 'Agitada'),
(4, 'Alegre'),
(5, 'Alocada'),
(6, 'Amable'),
(7, 'Audaz'),
(8, 'Cauta'),
(9, 'Docil'),
(10, 'Firme'),
(11, 'Floja'),
(12, 'Fuerte'),
(13, 'Grosera'),
(14, 'Huraña'),
(15, 'Ingenua'),
(16, 'Mansa'),
(17, 'Miedosa'),
(18, 'Modesta'),
(19, 'Osada'),
(20, 'Picara'),
(21, 'Placida'),
(22, 'Rara'),
(23, 'Serena'),
(24, 'Seria'),
(25, 'Timida');

-- 
-- Dumping data for table habilidad
--
INSERT INTO habilidad VALUES
(1, 'Espesura'),
(2, 'Mar Llamas'),
(3, 'Torrente'),
(4, 'Polvo Escudo'),
(5, 'Mudar'),
(6, 'Ojo Compuesto'),
(7, 'Enjambre'),
(8, 'Vista Lince'),
(9, 'Agallas'),
(10, 'Intimidacion'),
(11, 'Electricidad Estatica'),
(12, 'Velo Arena'),
(13, 'Punto Toxico'),
(14, 'Gran Encanto'),
(15, 'Absorbe Fuego'),
(16, 'Foco Interno'),
(17, 'Clorofila'),
(18, 'Efecto Espora'),
(19, 'Trampa Arena'),
(20, 'Recogida'),
(21, 'Flexibilidad'),
(22, 'Humedad'),
(23, 'Aclimatacion'),
(24, 'Espiritu Vital'),
(25, 'Absorbe Agua'),
(26, 'Sincronia'),
(27, 'Cuerpo Puro'),
(28, 'Cabeza Roca'),
(29, 'Despiste'),
(30, 'Iman'),
(31, 'Fuga'),
(32, 'Sebo'),
(33, 'Hedor'),
(34, 'Caparazon'),
(35, 'Levitacion'),
(36, 'Insomnio'),
(37, 'Pararrayos'),
(38, 'Cura Natural'),
(39, 'Madrugar'),
(40, 'Nado rapido'),
(41, 'Insonorizar'),
(42, 'Cuerpo Llama'),
(43, 'Corte Fuerte'),
(44, 'Absorbe electricidad'),
(45, 'Rastro'),
(46, 'Armadura Batalla'),
(47, 'Presion');

-- 
-- Dumping data for table pokemon
--
INSERT INTO pokemon VALUES
(63, 'Abra', 'Macho', 1, 26),
(142, 'Aerodactyl', 'Macho', 1, 28),
(65, 'Alakazam', 'Macho', 1, 26),
(24, 'Arbok', 'Hembra', 1, 10),
(59, 'Arcanine', 'Macho', 1, 15),
(144, 'Articuno', 'Sin genero', 1, 47),
(15, 'Beedrill', 'Hembra', 1, 7),
(69, 'Bellsprout', 'Hembra', 1, 17),
(9, 'Blastoise', 'Hembra', 1, 3),
(1, 'Bulbasaur', 'Hembra', 3, 1),
(12, 'Butterfree', 'Hembra', 1, 6),
(10, 'Caterpie', 'Hembra', 1, 4),
(113, 'Chansey', 'Hembra', 1, 38),
(6, 'Charizard', 'Macho', 2, 2),
(4, 'Charmander', 'Macho', 2, 2),
(5, 'Charmeleon', 'Macho', 2, 2),
(36, 'Cleafable', 'Hembra', 1, 14),
(35, 'Clefairy', 'Hembra', 1, 14),
(91, 'Cloyster', 'Hembra', 1, 34),
(104, 'Cubone', 'Hembra', 1, 28),
(87, 'Dewgong', 'Hembra', 1, 32),
(50, 'Digglett', 'Macho', 1, 19),
(132, 'Ditto', 'Sin genero', 1, 21),
(85, 'Dodrio', 'Hembra', 1, 31),
(84, 'Doduo', 'Hembra', 1, 31),
(148, 'Dragonair', 'Macho', 1, 5),
(149, 'Dragonite', 'Macho', 1, 16),
(147, 'Dratini', 'Macho', 1, 5),
(96, 'Drowzee', 'Hembra', 1, 36),
(51, 'Dugtrio', 'Macho', 1, 19),
(133, 'Eevee', 'Macho', 1, 31),
(23, 'Ekans', 'Hembra', 1, 10),
(125, 'Electabuzz', 'Macho', 1, 11),
(101, 'Electrode', 'Sin genero', 1, 11),
(102, 'Exeggcute', 'Hembra', 1, 17),
(103, 'Exeggutor', 'Hembra', 1, 17),
(83, 'Farfetchd', 'Macho', 1, 16),
(22, 'Fearow', 'Macho', 1, 8),
(136, 'Flareon', 'Macho', 1, 15),
(92, 'Gastly', 'Macho', 1, 35),
(94, 'Gengar', 'Macho', 1, 35),
(74, 'Geodude', 'Macho', 1, 28),
(44, 'Gloom', 'Hembra', 1, 17),
(42, 'Golbat', 'Macho', 1, 16),
(118, 'Goldeen', 'Hembra', 1, 40),
(55, 'Golduck', 'Macho', 1, 23),
(76, 'Golem', 'Macho', 1, 28),
(75, 'Graveler', 'Macho', 1, 28),
(88, 'Grimer', 'Macho', 1, 33),
(58, 'Growlithe', 'Macho', 1, 15),
(130, 'Gyarados', 'Macho', 1, 10),
(93, 'Haunter', 'Macho', 1, 35),
(107, 'Hitmonchan', 'Macho', 1, 8),
(106, 'Hitmonlee', 'Macho', 1, 21),
(116, 'Horsea', 'Hembra', 1, 40),
(97, 'Hypno', 'Hembra', 1, 36),
(2, 'Ivysaur', 'Hembra', 3, 1),
(39, 'Jigglypuff', 'Hembra', 1, 14),
(135, 'Jolteon', 'Macho', 1, 44),
(124, 'Jynx', 'Hembra', 1, 29),
(140, 'Kabuto', 'Macho', 1, 46),
(141, 'Kabutops', 'Macho', 1, 46),
(64, 'Kadabra', 'Macho', 1, 26),
(14, 'Kakuna', 'Hembra', 1, 5),
(115, 'Kangaskhan', 'Hembra', 1, 39),
(99, 'Kingler', 'Macho', 1, 34),
(109, 'Koffing', 'Macho', 1, 35),
(98, 'Krabby', 'Macho', 1, 34),
(131, 'Lapras', 'Hembra', 1, 25),
(108, 'Lickytung', 'Hembra', 1, 29),
(68, 'Machamp', 'Macho', 1, 9),
(67, 'Machoke', 'Macho', 1, 9),
(66, 'Machop', 'Macho', 1, 9),
(129, 'Magikarp', 'Macho', 1, 40),
(126, 'Magmar', 'Macho', 1, 42),
(81, 'Magnemite', 'Sin genero', 1, 30),
(82, 'Magneton', 'Sin genero', 1, 30),
(56, 'Mankey', 'Macho', 1, 24),
(105, 'Marowak', 'Hembra', 1, 28),
(52, 'Meowth', 'Macho', 1, 20),
(11, 'Metapod', 'Hembra', 1, 5),
(151, 'Mew', 'Sin genero', 1, 16),
(150, 'Mewtwo', 'Sin genero', 1, 47),
(146, 'Moltres', 'Sin genero', 1, 47),
(122, 'Mr. Mime', 'Macho', 1, 41),
(89, 'Muk', 'Macho', 1, 33),
(34, 'Nidoking', 'Macho', 1, 13),
(31, 'Nidoqueen', 'Hembra', 1, 13),
(29, 'NidoranH', 'Hembra', 1, 13),
(32, 'NidoranM', 'Macho', 1, 13),
(30, 'Nidorina', 'Hembra', 1, 13),
(33, 'Nidorino', 'Macho', 1, 13),
(38, 'Ninetales', 'Hembra', 1, 15),
(43, 'Oddish', 'Hembra', 1, 17),
(138, 'Omanyte', 'Hembra', 1, 40),
(139, 'Omastar', 'Hembra', 1, 40),
(95, 'Onix', 'Macho', 1, 28),
(46, 'Paras', 'Macho', 1, 18),
(47, 'Parasect', 'Macho', 1, 18),
(53, 'Persian', 'Macho', 1, 21),
(18, 'Pidgeot', 'Hembra', 1, 8),
(17, 'Pidgeotto', 'Macho', 1, 8),
(16, 'Pidgey', 'Macho', 1, 8),
(25, 'Pikachu', 'Macho', 1, 11),
(127, 'Pinsir', 'Macho', 1, 43),
(60, 'Poliwag', 'Macho', 1, 25),
(61, 'Poliwhirl', 'Macho', 1, 25),
(62, 'Poliwrath', 'Macho', 1, 25),
(77, 'Ponyta', 'Hembra', 1, 15),
(137, 'Porygon', 'Sin genero', 1, 45),
(57, 'Primeape', 'Macho', 1, 24),
(54, 'Psyduck', 'Macho', 1, 22),
(26, 'Raichu', 'Macho', 1, 11),
(78, 'Rapidash', 'Hembra', 1, 15),
(20, 'Raticate', 'Hembra', 1, 9),
(19, 'Rattata', 'Hembra', 1, 9),
(112, 'Rhydon', 'Macho', 1, 37),
(111, 'Rhyhorn', 'Macho', 1, 37),
(27, 'Sandshrew', 'Macho', 1, 12),
(28, 'Sandslash', 'Macho', 1, 12),
(123, 'Scyther', 'Macho', 1, 7),
(117, 'Seadra', 'Hembra', 1, 13),
(119, 'Seaking', 'Hembra', 1, 40),
(86, 'Seel', 'Hembra', 1, 32),
(90, 'Shellder', 'Hembra', 1, 34),
(80, 'Slowbro', 'Macho', 1, 29),
(79, 'Slowpoke', 'Macho', 1, 29),
(143, 'Snorlax', 'Macho', 1, 32),
(21, 'Spearow', 'Macho', 1, 8),
(7, 'Squirtle', 'Hembra', 1, 3),
(121, 'Starmie', 'Sin genero', 1, 38),
(120, 'Staryu', 'Sin genero', 1, 38),
(114, 'Tangela', 'Hembra', 1, 17),
(128, 'Tauros', 'Macho', 1, 10),
(72, 'Tentacool', 'Hembra', 1, 27),
(73, 'Tentacruel', 'Hembra', 1, 27),
(134, 'Vaporeon', 'Macho', 1, 25),
(49, 'Venomoth', 'Hembra', 1, 4),
(48, 'Venonat', 'Hembra', 1, 6),
(3, 'Venusaur', 'Hembra', 3, 1),
(71, 'Victreebel', 'Hembra', 1, 17),
(45, 'Vileplume', 'Hembra', 1, 17),
(100, 'Voltorb', 'Sin genero', 1, 11),
(37, 'Vulpix', 'Hembra', 1, 15),
(8, 'Wartortle', 'Hembra', 1, 3),
(13, 'Weedle', 'Hembra', 1, 4),
(70, 'Weepinbell', 'Hembra', 1, 17),
(110, 'Weezing', 'Macho', 1, 35),
(40, 'Wigglytuff', 'Hembra', 1, 14),
(145, 'Zapdos', 'Sin genero', 1, 47),
(41, 'Zubat', 'Macho', 1, 16);

-- 
-- Dumping data for table tipo
--
INSERT INTO tipo VALUES
(1, 'Planta'),
(2, 'Fuego'),
(3, 'Agua'),
(4, 'Normal'),
(5, 'Electrico'),
(6, 'Tierra'),
(7, 'Roca'),
(8, 'Acero'),
(9, 'Volador'),
(10, 'Bicho'),
(11, 'Veneno'),
(12, 'Hielo'),
(13, 'Lucha'),
(14, 'Fantasma'),
(15, 'Siniestro'),
(16, 'Psiquico'),
(17, 'Dragon'),
(18, 'Hada');

-- 
-- Dumping data for table pokemon_tipo
--
INSERT INTO pokemon_tipo VALUES
('Abra', 16),
('Aerodactyl', 7),
('Aerodactyl', 9),
('Alakazam', 16),
('Arbok', 11),
('Arcanine', 2),
('Articuno', 9),
('Articuno', 12),
('Beedrill', 10),
('Beedrill', 11),
('Bellsprout', 1),
('Bellsprout', 11),
('Blastoise', 3),
('Bulbasaur', 1),
('Bulbasaur', 11),
('Butterfree', 9),
('Butterfree', 10),
('Caterpie', 10),
('Chansey', 4),
('Charizard', 2),
('Charizard', 9),
('Charmander', 2),
('Charmeleon', 2),
('Cleafable', 18),
('Clefairy', 18),
('Cloyster', 3),
('Cloyster', 12),
('Cubone', 6),
('Dewgong', 3),
('Dewgong', 12),
('Digglett', 6),
('Ditto', 4),
('Dodrio', 4),
('Dodrio', 9),
('Doduo', 4),
('Doduo', 9),
('Dragonair', 17),
('Dragonite', 9),
('Dragonite', 17),
('Dratini', 17),
('Drowzee', 16),
('Dugtrio', 6),
('Eevee', 4),
('Ekans', 11),
('Electabuzz', 5),
('Electrode', 5),
('Exeggcute', 1),
('Exeggcute', 16),
('Exeggutor', 1),
('Exeggutor', 16),
('Farfetchd', 4),
('Farfetchd', 9),
('Fearow', 4),
('Fearow', 9),
('Flareon', 2),
('Gastly', 11),
('Gastly', 14),
('Gengar', 11),
('Gengar', 14),
('Geodude', 6),
('Geodude', 7),
('Gloom', 1),
('Gloom', 11),
('Golbat', 9),
('Golbat', 11),
('Goldeen', 3),
('Golduck', 3),
('Golem', 6),
('Golem', 7),
('Graveler', 6),
('Graveler', 7),
('Grimer', 11),
('Growlithe', 2),
('Gyarados', 3),
('Gyarados', 9),
('Haunter', 11),
('Haunter', 14),
('Hitmonchan', 13),
('Hitmonlee', 13),
('Horsea', 3),
('Hypno', 16),
('Ivysaur', 1),
('Ivysaur', 11),
('Jigglypuff', 4),
('Jigglypuff', 18),
('Jolteon', 5),
('Jynx', 12),
('Jynx', 16),
('Kabuto', 3),
('Kabuto', 7),
('Kabutops', 3),
('Kabutops', 7),
('Kadabra', 16),
('Kakuna', 10),
('Kakuna', 11),
('Kangaskhan', 4),
('Kingler', 3),
('Koffing', 11),
('Krabby', 3),
('Lapras', 3),
('Lapras', 12),
('Lickytung', 4),
('Machamp', 13),
('Machoke', 13),
('Machop', 13),
('Magikarp', 3),
('Magmar', 2),
('Magnemite', 5),
('Magnemite', 8),
('Magneton', 5),
('Magneton', 8),
('Mankey', 13),
('Marowak', 6),
('Meowth', 4),
('Metapod', 10),
('Mew', 16),
('Mewtwo', 16),
('Moltres', 2),
('Moltres', 9),
('Mr. Mime', 16),
('Muk', 11),
('Nidoking', 6),
('Nidoking', 11),
('Nidoqueen', 6),
('Nidoqueen', 11),
('NidoranH', 11),
('NidoranM', 11),
('Nidorina', 11),
('Nidorino', 11),
('Ninetales', 2),
('Oddish', 1),
('Oddish', 11),
('Omanyte', 3),
('Omanyte', 7),
('Omastar', 3),
('Omastar', 7),
('Onix', 6),
('Onix', 7),
('Paras', 1),
('Paras', 10),
('Parasect', 1),
('Parasect', 10),
('Persian', 4),
('Pidgeot', 4),
('Pidgeot', 9),
('Pidgeotto', 4),
('Pidgeotto', 9),
('Pidgey', 4),
('Pidgey', 9),
('Pikachu', 5),
('Pinsir', 10),
('Poliwag', 3),
('Poliwhirl', 3),
('Poliwrath', 3),
('Poliwrath', 13),
('Ponyta', 2),
('Porygon', 4),
('Primeape', 13),
('Psyduck', 3),
('Raichu', 5),
('Rapidash', 2),
('Raticate', 4),
('Rattata', 4),
('Rhydon', 6),
('Rhydon', 7),
('Rhyhorn', 6),
('Rhyhorn', 7),
('Sandshrew', 6),
('Sandslash', 6),
('Scyther', 9),
('Scyther', 10),
('Seadra', 3),
('Seaking', 3),
('Seel', 3),
('Shellder', 3),
('Slowbro', 3),
('Slowbro', 16),
('Slowpoke', 3),
('Slowpoke', 16),
('Snorlax', 4),
('Spearow', 4),
('Spearow', 9),
('Squirtle', 3),
('Starmie', 3),
('Starmie', 16),
('Staryu', 3),
('Tangela', 1),
('Tauros', 4),
('Tentacool', 3),
('Tentacool', 11),
('Tentacruel', 3),
('Tentacruel', 11),
('Vaporeon', 3),
('Venomoth', 10),
('Venomoth', 11),
('Venonat', 10),
('Venonat', 11),
('Venusaur', 1),
('Venusaur', 11),
('Victreebel', 1),
('Victreebel', 11),
('Vileplume', 1),
('Vileplume', 11),
('Voltorb', 5),
('Vulpix', 2),
('Wartortle', 3),
('Weedle', 10),
('Weedle', 11),
('Weepinbell', 1),
('Weepinbell', 11),
('Weezing', 11),
('Wigglytuff', 4),
('Wigglytuff', 18),
('Zapdos', 5),
('Zapdos', 9),
('Zubat', 9),
('Zubat', 11);

-- 
-- Dumping data for table debilidad
--
INSERT INTO debilidad VALUES
(1, 2),
(1, 9),
(1, 10),
(1, 11),
(1, 12),
(2, 3),
(2, 6),
(2, 7),
(3, 1),
(3, 5),
(4, 13),
(5, 6),
(6, 1),
(6, 3),
(6, 12),
(7, 1),
(7, 3),
(7, 6),
(7, 8),
(7, 13),
(8, 2),
(8, 6),
(8, 13),
(9, 5),
(9, 7),
(9, 12),
(10, 2),
(10, 7),
(10, 9),
(11, 6),
(11, 16),
(12, 2),
(12, 7),
(12, 8),
(12, 13),
(13, 9),
(13, 16),
(13, 18),
(14, 14),
(14, 15),
(15, 10),
(15, 13),
(15, 18),
(16, 10),
(16, 14),
(16, 15),
(17, 12),
(17, 17),
(17, 18),
(18, 8),
(18, 11);

-- 
-- Restore previous SQL mode
-- 
/*!40101 SET SQL_MODE=@OLD_SQL_MODE */;

-- 
-- Enable foreign keys
-- 
/*!40014 SET FOREIGN_KEY_CHECKS = @OLD_FOREIGN_KEY_CHECKS */;